<?xml version="1.0" encoding="utf-8"?>
<!--/1093107/1636220/2.50/5/2/Switch/-->
<quadcept_library>
  <setting unit="mil" />
  <textstyle name="Default" height="47.244094488189" strokewidth="7.8740157480315" charwidth="47.244094488189" />
  <textstyle name="Dimension" height="19.6850393700787" strokewidth="0" charwidth="19.6850393700787" />
  <textstyle name="H127W0635TH00762" height="50" strokewidth="3" charwidth="25" />
  <textstyle name="H15W15TH02" height="59.0551181102362" strokewidth="7.8740157480315" charwidth="59.0551181102362" />
  <padstyle name="r100_90" surface="True" plated="False" isvia="False" nopaste="False" nomask="True" complex="False" holesize="0">
    <padshape layer="TOP" shape="rectangle" width="35.433070866141" height="39.370078740157" />
    <padshape layer="TOP_SOLDER_MASK" shape="rectangle" width="43.307086614173" height="47.244094488188" />
    <padshape layer="TOP_SOLDER_PASTE" shape="rectangle" width="35.433070866141" height="39.370078740157" />
  </padstyle>
  <padstyle name="r170_80" surface="True" plated="False" isvia="False" nopaste="False" nomask="True" complex="False" holesize="0">
    <padshape layer="TOP" shape="rectangle" width="31.496062992126" height="66.929133858267" />
    <padshape layer="TOP_SOLDER_MASK" shape="rectangle" width="39.370078740157" height="74.803149606298" />
    <padshape layer="TOP_SOLDER_PASTE" shape="rectangle" width="31.496062992126" height="66.929133858267" />
  </padstyle>
  <footprint name="TL6330AF200Q" originx="0" originy="0" pickpointx="0" pickpointy="0">
    <pcbpin number="1" name="1" style="r100_90" originx="-80.708661417322" originy="-18.700787401575" rotation="0" />
    <pcbpin number="2" name="2" style="r100_90" originx="80.708661417322" originy="-18.700787401575" rotation="0" />
    <pcbpin number="3" name="3" style="r100_90" originx="80.708661417322" originy="44.291338582677" rotation="0" />
    <pcbpin number="4" name="4" style="r100_90" originx="-80.708661417322" originy="44.291338582677" rotation="0" />
    <pcbpin number="5" name="5" style="r170_80" originx="0" originy="-44.291338582677" rotation="90" />
    <line layer="TOP_ASSEMBLY" originx="-72.83464566929" originy="55.11811023622" endx="72.83464566929" endy="55.11811023622" width="7.8740157480314" />
    <line layer="TOP_ASSEMBLY" originx="72.83464566929" originy="55.11811023622" endx="72.83464566929" endy="-55.11811023622" width="7.8740157480314" />
    <line layer="TOP_ASSEMBLY" originx="72.83464566929" originy="-55.11811023622" endx="-72.83464566929" endy="-55.11811023622" width="7.8740157480314" />
    <line layer="TOP_ASSEMBLY" originx="-72.83464566929" originy="-55.11811023622" endx="-72.83464566929" endy="55.11811023622" width="7.8740157480314" />
    <line layer="TOP_PLACE_BOUND" originx="-137.79527559055" originy="103.34645669291" endx="137.79527559055" endy="103.34645669291" width="3.9370078740157" />
    <line layer="TOP_PLACE_BOUND" originx="137.79527559055" originy="103.34645669291" endx="137.79527559055" endy="-99.409448818896" width="3.9370078740157" />
    <line layer="TOP_PLACE_BOUND" originx="137.79527559055" originy="-99.409448818896" endx="-137.79527559055" endy="-99.409448818896" width="3.9370078740157" />
    <line layer="TOP_PLACE_BOUND" originx="-137.79527559055" originy="-99.409448818896" endx="-137.79527559055" endy="103.34645669291" width="3.9370078740157" />
    <line layer="TOP_SILKSCREEN" originx="-39.370078740157" originy="55.11811023622" endx="39.370078740157" endy="55.11811023622" width="3.9370078740157" />
    <line layer="TOP_SILKSCREEN" originx="-72.83464566929" originy="-44.291338582677" endx="-72.83464566929" endy="-55.11811023622" width="3.9370078740157" />
    <line layer="TOP_SILKSCREEN" originx="-72.83464566929" originy="-55.11811023622" endx="-59.055118110235" endy="-55.11811023622" width="3.9370078740157" />
    <line layer="TOP_SILKSCREEN" originx="72.83464566929" originy="-44.291338582677" endx="72.83464566929" endy="-55.11811023622" width="3.9370078740157" />
    <line layer="TOP_SILKSCREEN" originx="72.83464566929" originy="-55.11811023622" endx="59.055118110235" endy="-55.11811023622" width="3.9370078740157" />
  </footprint>
  <symbol name="TL6330AF200Q" originx="0" originy="0">
    <line originx="200" originy="100" endx="600" endy="100" width="0" />
    <line originx="600" originy="-300" endx="600" endy="100" width="0" />
    <line originx="600" originy="-300" endx="200" endy="-300" width="0" />
    <line originx="200" originy="100" endx="200" endy="-300" width="0" />
    <sympin number="1" originx="200" originy="0" rotation="180" length="100" width="7.8740157480315" flipped="False">
      <text name="pinname" originx="230" originy="0" style="Default" rotation="0" justify="left" flipped="False" hidden="False" data="1" />
      <text name="pindes" originx="140" originy="20" style="Default" rotation="0" justify="lowerright" flipped="False" hidden="False" data="1" />
    </sympin>
    <sympin number="2" originx="200" originy="-100" rotation="180" length="100" width="7.8740157480315" flipped="False">
      <text name="pinname" originx="230" originy="-100" style="Default" rotation="0" justify="left" flipped="False" hidden="False" data="2" />
      <text name="pindes" originx="140" originy="-80" style="Default" rotation="0" justify="lowerright" flipped="False" hidden="False" data="2" />
    </sympin>
    <sympin number="3" originx="200" originy="-200" rotation="180" length="100" width="7.8740157480315" flipped="False">
      <text name="pinname" originx="230" originy="-200" style="Default" rotation="0" justify="left" flipped="False" hidden="False" data="3" />
      <text name="pindes" originx="140" originy="-180" style="Default" rotation="0" justify="lowerright" flipped="False" hidden="False" data="3" />
    </sympin>
    <sympin number="4" originx="600" originy="0" rotation="0" length="100" width="7.8740157480315" flipped="False">
      <text name="pinname" originx="570" originy="0" style="Default" rotation="0" justify="right" flipped="False" hidden="False" data="4" />
      <text name="pindes" originx="660" originy="20" style="Default" rotation="0" justify="lowerleft" flipped="False" hidden="False" data="4" />
    </sympin>
    <sympin number="5" originx="600" originy="-100" rotation="0" length="100" width="7.8740157480315" flipped="False">
      <text name="pinname" originx="570" originy="-100" style="Default" rotation="0" justify="right" flipped="False" hidden="False" data="5" />
      <text name="pindes" originx="660" originy="-80" style="Default" rotation="0" justify="lowerleft" flipped="False" hidden="False" data="5" />
    </sympin>
  </symbol>
  <component name="TL6330AF200Q" designatorprefix="S" height="39.370078740157" footprint="TL6330AF200Q">
    <comppin designator="1" sympin="1" pinswap="0" gateswap="0" gate="1" group="1" side="" type="Any" name="1" />
    <comppin designator="2" sympin="2" pinswap="0" gateswap="0" gate="1" group="1" side="" type="Any" name="2" />
    <comppin designator="3" sympin="3" pinswap="0" gateswap="0" gate="1" group="1" side="" type="Any" name="3" />
    <comppin designator="4" sympin="4" pinswap="0" gateswap="0" gate="1" group="1" side="" type="Any" name="4" />
    <comppin designator="5" sympin="5" pinswap="0" gateswap="0" gate="1" group="1" side="" type="Any" name="5" />
    <attached_symbol gate="1" name="TL6330AF200Q" />
    <pinmap designator="1" footprintpin="1" />
    <pinmap designator="2" footprintpin="2" />
    <pinmap designator="3" footprintpin="3" />
    <pinmap designator="4" footprintpin="4" />
    <pinmap designator="5" footprintpin="5" />
    <text name="Datasheet" originx="0" originy="0" style="Default" rotation="0" justify="" flipped="False" hidden="True" data="https://configured-product-images.s3.amazonaws.com/2D/specs/TL6330AF200Q.pdf" />
    <text name="Description" originx="0" originy="0" style="Default" rotation="0" justify="" flipped="False" hidden="True" data="TACT, 50mA, 32VDC SPST-NO, Off-(On) Surface Mount" />
    <text name="Manufacturer_Name" originx="0" originy="0" style="Default" rotation="0" justify="" flipped="False" hidden="True" data="E-Switch" />
    <text name="Manufacturer_Part_Number" originx="650" originy="200" style="Default" rotation="0" justify="left" flipped="False" hidden="False" data="TL6330AF200Q" />
    <text name="Mouser Part Number" originx="0" originy="0" style="Default" rotation="0" justify="" flipped="False" hidden="True" data="612-TL6330AF200Q" />
    <text name="Mouser Price/Stock" originx="0" originy="0" style="Default" rotation="0" justify="" flipped="False" hidden="True" data="https://www.mouser.co.uk/ProductDetail/E-Switch/TL6330AF200Q?qs=W0yvOO0ixfEUKtP%2FNRR8aw%3D%3D" />
    <text name="Arrow Part Number" originx="0" originy="0" style="Default" rotation="0" justify="" flipped="False" hidden="True" data="" />
    <text name="Arrow Price/Stock" originx="0" originy="0" style="Default" rotation="0" justify="" flipped="False" hidden="True" data="" />
  </component>
</quadcept_library>
