<?xml version="1.0" encoding="utf-8"?>
<!--/13708097/1636220/2.50/2/2/Inductor/-->
<quadcept_library>
  <setting unit="mil" />
  <textstyle name="Default" height="47.244094488189" strokewidth="7.8740157480315" charwidth="47.244094488189" />
  <textstyle name="Dimension" height="19.6850393700787" strokewidth="0" charwidth="19.6850393700787" />
  <textstyle name="H127W0635TH00762" height="50" strokewidth="3" charwidth="25" />
  <textstyle name="H15W15TH02" height="59.0551181102362" strokewidth="7.8740157480315" charwidth="59.0551181102362" />
  <padstyle name="r310_285" surface="True" plated="False" isvia="False" nopaste="False" nomask="True" complex="False" holesize="0">
    <padshape layer="TOP" shape="rectangle" width="112.20472440945" height="122.04724409449" />
    <padshape layer="TOP_SOLDER_MASK" shape="rectangle" width="120.07874015748" height="129.92125984252" />
    <padshape layer="TOP_SOLDER_PASTE" shape="rectangle" width="112.20472440945" height="122.04724409449" />
  </padstyle>
  <footprint name="INDPM7166X300N" originx="0" originy="0" pickpointx="0" pickpointy="0">
    <pcbpin number="1" name="1" style="r310_285" originx="-108.26771653543" originy="0" rotation="0" />
    <pcbpin number="2" name="2" style="r310_285" originx="108.26771653543" originy="0" rotation="0" />
    <line layer="TOP_PLACE_BOUND" originx="-174.21259842519" originy="143.70078740157" endx="174.21259842519" endy="143.70078740157" width="1.9685039370079" />
    <line layer="TOP_PLACE_BOUND" originx="174.21259842519" originy="143.70078740157" endx="174.21259842519" endy="-143.70078740157" width="1.9685039370079" />
    <line layer="TOP_PLACE_BOUND" originx="174.21259842519" originy="-143.70078740157" endx="-174.21259842519" endy="-143.70078740157" width="1.9685039370079" />
    <line layer="TOP_PLACE_BOUND" originx="-174.21259842519" originy="-143.70078740157" endx="-174.21259842519" endy="143.70078740157" width="1.9685039370079" />
    <line layer="TOP_ASSEMBLY" originx="-139.76377952756" originy="129.92125984252" endx="139.76377952756" endy="129.92125984252" width="3.9370078740157" />
    <line layer="TOP_ASSEMBLY" originx="139.76377952756" originy="129.92125984252" endx="139.76377952756" endy="-129.92125984252" width="3.9370078740157" />
    <line layer="TOP_ASSEMBLY" originx="139.76377952756" originy="-129.92125984252" endx="-139.76377952756" endy="-129.92125984252" width="3.9370078740157" />
    <line layer="TOP_ASSEMBLY" originx="-139.76377952756" originy="-129.92125984252" endx="-139.76377952756" endy="129.92125984252" width="3.9370078740157" />
    <line layer="TOP_SILKSCREEN" originx="139.76377952756" originy="129.92125984252" endx="-139.76377952756" endy="129.92125984252" width="7.8740157480314" />
    <line layer="TOP_SILKSCREEN" originx="-139.76377952756" originy="-129.92125984252" endx="139.76377952756" endy="-129.92125984252" width="7.8740157480314" />
  </footprint>
  <symbol name="SRP7028AA-150M" originx="0" originy="0">
    <arc originx="250" originy="-2" startangle="177.7" sweepangle="-175.4" radius="50" width="0" />
    <arc originx="350" originy="-2" startangle="177.7" sweepangle="-175.4" radius="50" width="0" />
    <arc originx="450" originy="-2" startangle="177.7" sweepangle="-175.4" radius="50" width="0" />
    <arc originx="550" originy="-2" startangle="177.7" sweepangle="-175.4" radius="50" width="0" />
    <sympin number="1" originx="200" originy="0" rotation="180" length="100" width="7.8740157480315" flipped="False">
      <text name="pinname" originx="0" originy="-10" style="Default" rotation="0" justify="upperleft" flipped="False" hidden="True" data="1" />
      <text name="pindes" originx="0" originy="10" style="Default" rotation="0" justify="lowerleft" flipped="False" hidden="False" data="1" />
    </sympin>
    <sympin number="2" originx="600" originy="0" rotation="0" length="100" width="7.8740157480315" flipped="False">
      <text name="pinname" originx="800" originy="-10" style="Default" rotation="0" justify="upperright" flipped="False" hidden="True" data="2" />
      <text name="pindes" originx="800" originy="10" style="Default" rotation="0" justify="lowerright" flipped="False" hidden="False" data="2" />
    </sympin>
  </symbol>
  <component name="SRP7028AA-150M" designatorprefix="L" height="118.11023622047" footprint="INDPM7166X300N">
    <comppin designator="1" sympin="1" pinswap="0" gateswap="0" gate="1" group="1" side="" type="Any" name="1" />
    <comppin designator="2" sympin="2" pinswap="0" gateswap="0" gate="1" group="1" side="" type="Any" name="2" />
    <attached_symbol gate="1" name="SRP7028AA-150M" />
    <pinmap designator="1" footprintpin="1" />
    <pinmap designator="2" footprintpin="2" />
    <text name="Datasheet" originx="0" originy="0" style="Default" rotation="0" justify="" flipped="False" hidden="True" data="https://www.bourns.com/docs/Product-Datasheets/SRP7028AA.pdf" />
    <text name="Description" originx="0" originy="0" style="Default" rotation="0" justify="" flipped="False" hidden="True" data="Shielded Power Inductor" />
    <text name="Manufacturer_Name" originx="0" originy="0" style="Default" rotation="0" justify="" flipped="False" hidden="True" data="Bourns" />
    <text name="Manufacturer_Part_Number" originx="650" originy="150" style="Default" rotation="0" justify="left" flipped="False" hidden="False" data="SRP7028AA-150M" />
    <text name="Mouser Part Number" originx="0" originy="0" style="Default" rotation="0" justify="" flipped="False" hidden="True" data="652-SRP7028AA-150M" />
    <text name="Mouser Price/Stock" originx="0" originy="0" style="Default" rotation="0" justify="" flipped="False" hidden="True" data="https://www.mouser.co.uk/ProductDetail/Bourns/SRP7028AA-150M?qs=CiayqK2gdcKgM2eYNLHT9A%3D%3D" />
    <text name="Arrow Part Number" originx="0" originy="0" style="Default" rotation="0" justify="" flipped="False" hidden="True" data="SRP7028AA-150M" />
    <text name="Arrow Price/Stock" originx="0" originy="0" style="Default" rotation="0" justify="" flipped="False" hidden="True" data="https://www.arrow.com/en/products/srp7028aa-150m/bourns?region=nac" />
  </component>
</quadcept_library>
