<?xml version="1.0" encoding="utf-8"?>
<!--/333437/1636220/2.50/5/2/Connector/-->
<quadcept_library>
  <setting unit="mil" />
  <textstyle name="Default" height="47.244094488189" strokewidth="7.8740157480315" charwidth="47.244094488189" />
  <textstyle name="Dimension" height="19.6850393700787" strokewidth="0" charwidth="19.6850393700787" />
  <textstyle name="H127W0635TH00762" height="50" strokewidth="3" charwidth="25" />
  <textstyle name="H15W15TH02" height="59.0551181102362" strokewidth="7.8740157480315" charwidth="59.0551181102362" />
  <padstyle name="c150_h100" surface="False" plated="True" isvia="False" nopaste="True" nomask="True" complex="False" holesize="39.370078740157">
    <padshape layer="TOP" shape="round" width="59.055118110235" height="59.055118110235" />
    <padshape layer="TOP_SOLDER_MASK" shape="round" width="66.929133858267" height="66.929133858267" />
    <padshape layer="INNER" shape="round" width="59.055118110235" height="59.055118110235" />
    <padshape layer="BOTTOM" shape="round" width="59.055118110235" height="59.055118110235" />
    <padshape layer="BOTTOM_SOLDER_MASK" shape="round" width="66.929133858267" height="66.929133858267" />
  </padstyle>
  <footprint name="1990038" originx="0" originy="0" pickpointx="0" pickpointy="0">
    <pcbpin number="1" name="1" style="c150_h100" originx="0" originy="0" rotation="90" />
    <pcbpin number="2" name="2" style="c150_h100" originx="98.425196850392" originy="196.85039370078" rotation="90" />
    <pcbpin number="3" name="3" style="c150_h100" originx="196.85039370078" originy="0" rotation="90" />
    <pcbpin number="4" name="4" style="c150_h100" originx="295.27559055118" originy="196.85039370078" rotation="90" />
    <pcbpin number="5" name="5" style="c150_h100" originx="393.70078740157" originy="0" rotation="90" />
    <line layer="TOP_ASSEMBLY" originx="-108.26771653543" originy="295.27559055118" endx="442.91338582677" endy="295.27559055118" width="7.8740157480314" />
    <line layer="TOP_ASSEMBLY" originx="442.91338582677" originy="295.27559055118" endx="442.91338582677" endy="-283.46456692913" width="7.8740157480314" />
    <line layer="TOP_ASSEMBLY" originx="442.91338582677" originy="-283.46456692913" endx="-108.26771653543" endy="-283.46456692913" width="7.8740157480314" />
    <line layer="TOP_ASSEMBLY" originx="-108.26771653543" originy="-283.46456692913" endx="-108.26771653543" endy="295.27559055118" width="7.8740157480314" />
    <line layer="TOP_SILKSCREEN" originx="-108.26771653543" originy="295.27559055118" endx="442.91338582677" endy="295.27559055118" width="3.9370078740157" />
    <line layer="TOP_SILKSCREEN" originx="442.91338582677" originy="295.27559055118" endx="442.91338582677" endy="-283.46456692913" width="3.9370078740157" />
    <line layer="TOP_SILKSCREEN" originx="442.91338582677" originy="-283.46456692913" endx="-108.26771653543" endy="-283.46456692913" width="3.9370078740157" />
    <line layer="TOP_SILKSCREEN" originx="-108.26771653543" originy="-283.46456692913" endx="-108.26771653543" endy="295.27559055118" width="3.9370078740157" />
    <line layer="TOP_PLACE_BOUND" originx="-147.63779527559" originy="334.64566929133" endx="482.28346456692" endy="334.64566929133" width="3.9370078740157" />
    <line layer="TOP_PLACE_BOUND" originx="482.28346456692" originy="334.64566929133" endx="482.28346456692" endy="-322.83464566929" width="3.9370078740157" />
    <line layer="TOP_PLACE_BOUND" originx="482.28346456692" originy="-322.83464566929" endx="-147.63779527559" endy="-322.83464566929" width="3.9370078740157" />
    <line layer="TOP_PLACE_BOUND" originx="-147.63779527559" originy="-322.83464566929" endx="-147.63779527559" endy="334.64566929133" width="3.9370078740157" />
  </footprint>
  <symbol name="1990038" originx="0" originy="0">
    <line originx="200" originy="100" endx="600" endy="100" width="0" />
    <line originx="600" originy="-300" endx="600" endy="100" width="0" />
    <line originx="600" originy="-300" endx="200" endy="-300" width="0" />
    <line originx="200" originy="100" endx="200" endy="-300" width="0" />
    <sympin number="1" originx="200" originy="0" rotation="180" length="100" width="7.8740157480315" flipped="False">
      <text name="pinname" originx="230" originy="0" style="Default" rotation="0" justify="left" flipped="False" hidden="False" data="1" />
      <text name="pindes" originx="140" originy="20" style="Default" rotation="0" justify="lowerright" flipped="False" hidden="False" data="1" />
    </sympin>
    <sympin number="2" originx="600" originy="0" rotation="0" length="100" width="7.8740157480315" flipped="False">
      <text name="pinname" originx="570" originy="0" style="Default" rotation="0" justify="right" flipped="False" hidden="False" data="2" />
      <text name="pindes" originx="660" originy="20" style="Default" rotation="0" justify="lowerleft" flipped="False" hidden="False" data="2" />
    </sympin>
    <sympin number="3" originx="200" originy="-100" rotation="180" length="100" width="7.8740157480315" flipped="False">
      <text name="pinname" originx="230" originy="-100" style="Default" rotation="0" justify="left" flipped="False" hidden="False" data="3" />
      <text name="pindes" originx="140" originy="-80" style="Default" rotation="0" justify="lowerright" flipped="False" hidden="False" data="3" />
    </sympin>
    <sympin number="4" originx="600" originy="-100" rotation="0" length="100" width="7.8740157480315" flipped="False">
      <text name="pinname" originx="570" originy="-100" style="Default" rotation="0" justify="right" flipped="False" hidden="False" data="4" />
      <text name="pindes" originx="660" originy="-80" style="Default" rotation="0" justify="lowerleft" flipped="False" hidden="False" data="4" />
    </sympin>
    <sympin number="5" originx="200" originy="-200" rotation="180" length="100" width="7.8740157480315" flipped="False">
      <text name="pinname" originx="230" originy="-200" style="Default" rotation="0" justify="left" flipped="False" hidden="False" data="5" />
      <text name="pindes" originx="140" originy="-180" style="Default" rotation="0" justify="lowerright" flipped="False" hidden="False" data="5" />
    </sympin>
  </symbol>
  <component name="1990038" designatorprefix="J" height="645.66929133857" footprint="1990038">
    <comppin designator="1" sympin="1" pinswap="0" gateswap="0" gate="1" group="1" side="" type="Any" name="1" />
    <comppin designator="2" sympin="2" pinswap="0" gateswap="0" gate="1" group="1" side="" type="Any" name="2" />
    <comppin designator="3" sympin="3" pinswap="0" gateswap="0" gate="1" group="1" side="" type="Any" name="3" />
    <comppin designator="4" sympin="4" pinswap="0" gateswap="0" gate="1" group="1" side="" type="Any" name="4" />
    <comppin designator="5" sympin="5" pinswap="0" gateswap="0" gate="1" group="1" side="" type="Any" name="5" />
    <attached_symbol gate="1" name="1990038" />
    <pinmap designator="1" footprintpin="1" />
    <pinmap designator="2" footprintpin="2" />
    <pinmap designator="3" footprintpin="3" />
    <pinmap designator="4" footprintpin="4" />
    <pinmap designator="5" footprintpin="5" />
    <text name="Datasheet" originx="0" originy="0" style="Default" rotation="0" justify="" flipped="False" hidden="True" data="http://www.phoenixcontact.net/product/1990038" />
    <text name="Description" originx="0" originy="0" style="Default" rotation="0" justify="" flipped="False" hidden="True" data="PCB terminal block, nominal current: 2 A, rated voltage (III/2): 250 V, nominal cross section: 0.5 mm, number of potentials: 5, number of rows: 1, number of positions per row: 5, product range: PTSA 0,5, pitch: 2.5 mm, connection method: Push-in spring connection, mounting: Wave soldering, conductor/PCB connection direction: 45 , color: green, Pin layout: Zigzag pinning M, Solder pin [P]: 3.6 mm, number of solder pins per potential: 1, type of packaging: packed in cardboard. Offset soldering legs, two-row" />
    <text name="Manufacturer_Name" originx="0" originy="0" style="Default" rotation="0" justify="" flipped="False" hidden="True" data="Phoenix Contact" />
    <text name="Manufacturer_Part_Number" originx="650" originy="200" style="Default" rotation="0" justify="left" flipped="False" hidden="False" data="1990038" />
    <text name="Mouser Part Number" originx="0" originy="0" style="Default" rotation="0" justify="" flipped="False" hidden="True" data="651-1990038" />
    <text name="Mouser Price/Stock" originx="0" originy="0" style="Default" rotation="0" justify="" flipped="False" hidden="True" data="https://www.mouser.co.uk/ProductDetail/Phoenix-Contact/1990038?qs=sps7W%2FwBcGG%2Fj7A7AAdz8A%3D%3D" />
    <text name="Arrow Part Number" originx="0" originy="0" style="Default" rotation="0" justify="" flipped="False" hidden="True" data="1990038" />
    <text name="Arrow Price/Stock" originx="0" originy="0" style="Default" rotation="0" justify="" flipped="False" hidden="True" data="https://www.arrow.com/en/products/1990038/phoenix-contact?utm_currency=USD&amp;region=nac" />
  </component>
</quadcept_library>
