<?xml version="1.0" encoding="utf-8"?>
<!--/1298226/1636220/2.50/2/4/Schottky Diode/-->
<quadcept_library>
  <setting unit="mil" />
  <textstyle name="Default" height="47.244094488189" strokewidth="7.8740157480315" charwidth="47.244094488189" />
  <textstyle name="Dimension" height="19.6850393700787" strokewidth="0" charwidth="19.6850393700787" />
  <textstyle name="H127W0635TH00762" height="50" strokewidth="3" charwidth="25" />
  <textstyle name="H15W15TH02" height="59.0551181102362" strokewidth="7.8740157480315" charwidth="59.0551181102362" />
  <padstyle name="r310_220" surface="True" plated="False" isvia="False" nopaste="False" nomask="True" complex="False" holesize="0">
    <padshape layer="TOP" shape="rectangle" width="86.614173228345" height="122.04724409449" />
    <padshape layer="TOP_SOLDER_MASK" shape="rectangle" width="94.488188976377" height="129.92125984252" />
    <padshape layer="TOP_SOLDER_PASTE" shape="rectangle" width="86.614173228345" height="122.04724409449" />
  </padstyle>
  <padstyle name="r152_150" surface="True" plated="False" isvia="False" nopaste="False" nomask="True" complex="False" holesize="0">
    <padshape layer="TOP" shape="rectangle" width="59.055118110235" height="59.842519685039" />
    <padshape layer="TOP_SOLDER_MASK" shape="rectangle" width="66.929133858267" height="67.71653543307" />
    <padshape layer="TOP_SOLDER_PASTE" shape="rectangle" width="59.055118110235" height="59.842519685039" />
  </padstyle>
  <footprint name="DO-221BC" originx="0" originy="0" pickpointx="0" pickpointy="0">
    <pcbpin number="1" name="1" style="r152_150" originx="79.133858267716" originy="0" rotation="0" />
    <pcbpin number="2" name="2" style="r310_220" originx="-47.63779527559" originy="0" rotation="90" />
    <line layer="TOP_ASSEMBLY" originx="-83.661417322834" originy="51.181102362204" endx="83.661417322834" endy="51.181102362204" width="7.8740157480314" />
    <line layer="TOP_ASSEMBLY" originx="83.661417322834" originy="51.181102362204" endx="83.661417322834" endy="-51.181102362204" width="7.8740157480314" />
    <line layer="TOP_ASSEMBLY" originx="83.661417322834" originy="-51.181102362204" endx="-83.661417322834" endy="-51.181102362204" width="7.8740157480314" />
    <line layer="TOP_ASSEMBLY" originx="-83.661417322834" originy="-51.181102362204" endx="-83.661417322834" endy="51.181102362204" width="7.8740157480314" />
    <line layer="TOP_SILKSCREEN" originx="-83.661417322834" originy="51.181102362204" endx="83.661417322834" endy="51.181102362204" width="7.8740157480314" />
    <line layer="TOP_SILKSCREEN" originx="83.661417322834" originy="-51.181102362204" endx="-83.661417322834" endy="-51.181102362204" width="7.8740157480314" />
    <arc layer="TOP_SILKSCREEN" originx="115.86614173228" originy="-37.125984251968" startangle="180" sweepangle="180" radius="1.4610236220472" width="7.8740157480314" />
    <arc layer="TOP_SILKSCREEN" originx="115.86614173228" originy="-37.125984251968" startangle="180" sweepangle="-180" radius="1.4610236220472" width="7.8740157480314" />
  </footprint>
  <symbol name="V8PA10HM3_I" originx="0" originy="0">
    <line originx="300" originy="100" endx="300" endy="-100" width="0" />
    <line originx="300" originy="100" endx="340" endy="100" width="0" />
    <line originx="340" originy="60" endx="340" endy="100" width="0" />
    <line originx="300" originy="-100" endx="260" endy="-100" width="0" />
    <line originx="260" originy="-60" endx="260" endy="-100" width="0" />
    <line originx="200" originy="0" endx="300" endy="0" width="0" />
    <line originx="500" originy="0" endx="600" endy="0" width="0" />
    <sympin number="2" originx="200" originy="0" rotation="180" length="100" width="7.8740157480315" flipped="False">
      <text name="pinname" originx="240" originy="10" style="Default" rotation="0" justify="left" flipped="False" hidden="True" data="K" />
      <text name="pindes" originx="160" originy="10" style="Default" rotation="0" justify="lowerright" flipped="False" hidden="False" data="2" />
    </sympin>
    <sympin number="1" originx="600" originy="0" rotation="0" length="100" width="7.8740157480315" flipped="False">
      <text name="pinname" originx="560" originy="10" style="Default" rotation="0" justify="right" flipped="False" hidden="True" data="A" />
      <text name="pindes" originx="640" originy="10" style="Default" rotation="0" justify="lowerleft" flipped="False" hidden="False" data="1" />
    </sympin>
    <polygon type="polygon">
      <point x="300" y="0" />
      <point x="500" y="100" />
      <point x="500" y="-100" />
    </polygon>
  </symbol>
  <component name="V8PA10HM3_I" designatorprefix="D" height="0" footprint="DO-221BC">
    <comppin designator="1" sympin="1" pinswap="0" gateswap="0" gate="1" group="1" side="" type="Any" name="A" />
    <comppin designator="2" sympin="2" pinswap="0" gateswap="0" gate="1" group="1" side="" type="Any" name="K" />
    <attached_symbol gate="1" name="V8PA10HM3_I" />
    <pinmap designator="1" footprintpin="1" />
    <pinmap designator="2" footprintpin="2" />
    <text name="Datasheet" originx="0" originy="0" style="Default" rotation="0" justify="" flipped="False" hidden="True" data="https://www.vishay.com/docs/87659/v8pa10.pdf" />
    <text name="Description" originx="0" originy="0" style="Default" rotation="0" justify="" flipped="False" hidden="True" data="Schottky Diodes &amp; Rectifiers If 8A Vrrm 100V AEC-Q101 Qualified" />
    <text name="Manufacturer_Name" originx="0" originy="0" style="Default" rotation="0" justify="" flipped="False" hidden="True" data="Vishay" />
    <text name="Manufacturer_Part_Number" originx="500" originy="250" style="Default" rotation="0" justify="left" flipped="False" hidden="False" data="V8PA10HM3/I" />
    <text name="Mouser Part Number" originx="0" originy="0" style="Default" rotation="0" justify="" flipped="False" hidden="True" data="78-V8PA10HM3/I" />
    <text name="Mouser Price/Stock" originx="0" originy="0" style="Default" rotation="0" justify="" flipped="False" hidden="True" data="https://www.mouser.co.uk/ProductDetail/Vishay-General-Semiconductor/V8PA10HM3-I?qs=AfeIN4OqR0DaskblnNe45Q%3D%3D" />
    <text name="Arrow Part Number" originx="0" originy="0" style="Default" rotation="0" justify="" flipped="False" hidden="True" data="V8PA10HM3/I" />
    <text name="Arrow Price/Stock" originx="0" originy="0" style="Default" rotation="0" justify="" flipped="False" hidden="True" data="https://www.arrow.com/en/products/v8pa10hm3i/vishay?region=nac" />
  </component>
</quadcept_library>
