<?xml version="1.0" encoding="utf-8"?>
<!--/2121924/1636220/2.50/6/2/MOSFET (N-Channel)/-->
<quadcept_library>
  <setting unit="mil" />
  <textstyle name="Default" height="47.244094488189" strokewidth="7.8740157480315" charwidth="47.244094488189" />
  <textstyle name="Dimension" height="19.6850393700787" strokewidth="0" charwidth="19.6850393700787" />
  <textstyle name="H127W0635TH00762" height="50" strokewidth="3" charwidth="25" />
  <textstyle name="H15W15TH02" height="59.0551181102362" strokewidth="7.8740157480315" charwidth="59.0551181102362" />
  <padstyle name="r55_42" surface="True" plated="False" isvia="False" nopaste="False" nomask="True" complex="False" holesize="0">
    <padshape layer="TOP" shape="rectangle" width="16.535433070866" height="21.653543307086" />
    <padshape layer="TOP_SOLDER_MASK" shape="rectangle" width="24.409448818897" height="29.527559055118" />
    <padshape layer="TOP_SOLDER_PASTE" shape="rectangle" width="16.535433070866" height="21.653543307086" />
  </padstyle>
  <padstyle name="r192_55" surface="True" plated="False" isvia="False" nopaste="False" nomask="True" complex="False" holesize="0">
    <padshape layer="TOP" shape="rectangle" width="21.653543307086" height="75.590551181101" />
    <padshape layer="TOP_SOLDER_MASK" shape="rectangle" width="29.527559055118" height="83.464566929133" />
    <padshape layer="TOP_SOLDER_PASTE" shape="rectangle" width="21.653543307086" height="75.590551181101" />
  </padstyle>
  <padstyle name="r270_79" surface="True" plated="False" isvia="False" nopaste="False" nomask="True" complex="False" holesize="0">
    <padshape layer="TOP" shape="rectangle" width="31.102362204724" height="106.29921259842" />
    <padshape layer="TOP_SOLDER_MASK" shape="rectangle" width="38.976377952755" height="114.17322834646" />
    <padshape layer="TOP_SOLDER_PASTE" shape="rectangle" width="31.102362204724" height="106.29921259842" />
  </padstyle>
  <footprint name="DMT6018LDR13" originx="0" originy="0" pickpointx="0" pickpointy="0">
    <pcbpin number="1" name="1" style="r55_42" originx="-40.826771653543" originy="-54.133858267716" rotation="0" />
    <pcbpin number="2" name="2" style="r192_55" originx="11.338582677165" originy="-54.133858267716" rotation="90" />
    <pcbpin number="3" name="3" style="r192_55" originx="10.354330708661" originy="54.133858267716" rotation="90" />
    <pcbpin number="4" name="4" style="r55_42" originx="-40.826771653543" originy="54.133858267716" rotation="0" />
    <pcbpin number="5" name="5" style="r270_79" originx="0" originy="20.669291338582" rotation="90" />
    <pcbpin number="6" name="6" style="r270_79" originx="0" originy="-20.669291338582" rotation="90" />
    <line layer="TOP_ASSEMBLY" originx="-59.055118110235" originy="59.055118110235" endx="59.055118110235" endy="59.055118110235" width="3.9370078740157" />
    <line layer="TOP_ASSEMBLY" originx="59.055118110235" originy="59.055118110235" endx="59.055118110235" endy="-59.055118110235" width="3.9370078740157" />
    <line layer="TOP_ASSEMBLY" originx="59.055118110235" originy="-59.055118110235" endx="-59.055118110235" endy="-59.055118110235" width="3.9370078740157" />
    <line layer="TOP_ASSEMBLY" originx="-59.055118110235" originy="-59.055118110235" endx="-59.055118110235" endy="59.055118110235" width="3.9370078740157" />
    <line layer="TOP_PLACE_BOUND" originx="-98.425196850392" originy="104.33070866142" endx="98.425196850392" endy="104.33070866142" width="3.9370078740157" />
    <line layer="TOP_PLACE_BOUND" originx="98.425196850392" originy="104.33070866142" endx="98.425196850392" endy="-104.33070866142" width="3.9370078740157" />
    <line layer="TOP_PLACE_BOUND" originx="98.425196850392" originy="-104.33070866142" endx="-98.425196850392" endy="-104.33070866142" width="3.9370078740157" />
    <line layer="TOP_PLACE_BOUND" originx="-98.425196850392" originy="-104.33070866142" endx="-98.425196850392" endy="104.33070866142" width="3.9370078740157" />
    <line layer="TOP_SILKSCREEN" originx="-43.307086614173" originy="-82.67716535433" endx="-43.307086614173" endy="-82.67716535433" width="3.9370078740157" />
    <arc layer="TOP_SILKSCREEN" originx="-41.338582677165" originy="-82.67716535433" startangle="180.0" sweepangle="180.0" radius="1.9685039370079" width="3.9370078740157" />
    <line layer="TOP_SILKSCREEN" originx="-39.370078740157" originy="-82.67716535433" endx="-39.370078740157" endy="-82.67716535433" width="3.9370078740157" />
    <arc layer="TOP_SILKSCREEN" originx="-41.338582677165" originy="-82.67716535433" startangle=".0" sweepangle="180.0" radius="1.9685039370079" width="3.9370078740157" />
  </footprint>
  <symbol name="DMT6018LDR-13" originx="0" originy="0">
    <line originx="200" originy="100" endx="700" endy="100" width="0" />
    <line originx="700" originy="-300" endx="700" endy="100" width="0" />
    <line originx="700" originy="-300" endx="200" endy="-300" width="0" />
    <line originx="200" originy="100" endx="200" endy="-300" width="0" />
    <sympin number="1" originx="200" originy="0" rotation="180" length="100" width="7.8740157480315" flipped="False">
      <text name="pinname" originx="230" originy="0" style="Default" rotation="0" justify="left" flipped="False" hidden="False" data="G1" />
      <text name="pindes" originx="140" originy="20" style="Default" rotation="0" justify="lowerright" flipped="False" hidden="False" data="1" />
    </sympin>
    <sympin number="2" originx="200" originy="-100" rotation="180" length="100" width="7.8740157480315" flipped="False">
      <text name="pinname" originx="230" originy="-100" style="Default" rotation="0" justify="left" flipped="False" hidden="False" data="S1" />
      <text name="pindes" originx="140" originy="-80" style="Default" rotation="0" justify="lowerright" flipped="False" hidden="False" data="2" />
    </sympin>
    <sympin number="3" originx="200" originy="-200" rotation="180" length="100" width="7.8740157480315" flipped="False">
      <text name="pinname" originx="230" originy="-200" style="Default" rotation="0" justify="left" flipped="False" hidden="False" data="S2" />
      <text name="pindes" originx="140" originy="-180" style="Default" rotation="0" justify="lowerright" flipped="False" hidden="False" data="3" />
    </sympin>
    <sympin number="4" originx="700" originy="0" rotation="0" length="100" width="7.8740157480315" flipped="False">
      <text name="pinname" originx="670" originy="0" style="Default" rotation="0" justify="right" flipped="False" hidden="False" data="G2" />
      <text name="pindes" originx="760" originy="20" style="Default" rotation="0" justify="lowerleft" flipped="False" hidden="False" data="4" />
    </sympin>
    <sympin number="5" originx="700" originy="-100" rotation="0" length="100" width="7.8740157480315" flipped="False">
      <text name="pinname" originx="670" originy="-100" style="Default" rotation="0" justify="right" flipped="False" hidden="False" data="D2" />
      <text name="pindes" originx="760" originy="-80" style="Default" rotation="0" justify="lowerleft" flipped="False" hidden="False" data="5" />
    </sympin>
    <sympin number="6" originx="700" originy="-200" rotation="0" length="100" width="7.8740157480315" flipped="False">
      <text name="pinname" originx="670" originy="-200" style="Default" rotation="0" justify="right" flipped="False" hidden="False" data="D1" />
      <text name="pindes" originx="760" originy="-180" style="Default" rotation="0" justify="lowerleft" flipped="False" hidden="False" data="6" />
    </sympin>
  </symbol>
  <component name="DMT6018LDR-13" designatorprefix="Q" height="35.433070866141" footprint="DMT6018LDR13">
    <comppin designator="1" sympin="1" pinswap="0" gateswap="0" gate="1" group="1" side="" type="Any" name="G1" />
    <comppin designator="2" sympin="2" pinswap="0" gateswap="0" gate="1" group="1" side="" type="Any" name="S1" />
    <comppin designator="3" sympin="3" pinswap="0" gateswap="0" gate="1" group="1" side="" type="Any" name="S2" />
    <comppin designator="4" sympin="4" pinswap="0" gateswap="0" gate="1" group="1" side="" type="Any" name="G2" />
    <comppin designator="5" sympin="5" pinswap="0" gateswap="0" gate="1" group="1" side="" type="Any" name="D2" />
    <comppin designator="6" sympin="6" pinswap="0" gateswap="0" gate="1" group="1" side="" type="Any" name="D1" />
    <attached_symbol gate="1" name="DMT6018LDR-13" />
    <pinmap designator="1" footprintpin="1" />
    <pinmap designator="2" footprintpin="2" />
    <pinmap designator="3" footprintpin="3" />
    <pinmap designator="4" footprintpin="4" />
    <pinmap designator="5" footprintpin="5" />
    <pinmap designator="6" footprintpin="6" />
    <text name="Datasheet" originx="0" originy="0" style="Default" rotation="0" justify="" flipped="False" hidden="True" data="https://www.diodes.com/part/view/DMT6018LDR" />
    <text name="Description" originx="0" originy="0" style="Default" rotation="0" justify="" flipped="False" hidden="True" data="Mosfet Array 60V 8.8A (Ta) 1.9W Surface Mount V-DFN3030-8" />
    <text name="Manufacturer_Name" originx="0" originy="0" style="Default" rotation="0" justify="" flipped="False" hidden="True" data="Diodes Incorporated" />
    <text name="Manufacturer_Part_Number" originx="750" originy="200" style="Default" rotation="0" justify="left" flipped="False" hidden="False" data="DMT6018LDR-13" />
    <text name="Mouser Part Number" originx="0" originy="0" style="Default" rotation="0" justify="" flipped="False" hidden="True" data="621-DMT6018LDR-13" />
    <text name="Mouser Price/Stock" originx="0" originy="0" style="Default" rotation="0" justify="" flipped="False" hidden="True" data="https://www.mouser.co.uk/ProductDetail/Diodes-Incorporated/DMT6018LDR-13?qs=1mbolxNpo8cs6AIjMR3%2FiQ%3D%3D" />
    <text name="Arrow Part Number" originx="0" originy="0" style="Default" rotation="0" justify="" flipped="False" hidden="True" data="DMT6018LDR-13" />
    <text name="Arrow Price/Stock" originx="0" originy="0" style="Default" rotation="0" justify="" flipped="False" hidden="True" data="https://www.arrow.com/en/products/dmt6018ldr-13/diodes-incorporated?utm_currency=USD&amp;region=nac" />
  </component>
</quadcept_library>
