<?xml version="1.0" encoding="utf-8"?>
<!--/17441780/1636220/2.50/4/3/Inductor/-->
<quadcept_library>
  <setting unit="mil" />
  <textstyle name="Default" height="47.244094488189" strokewidth="7.8740157480315" charwidth="47.244094488189" />
  <textstyle name="Dimension" height="19.6850393700787" strokewidth="0" charwidth="19.6850393700787" />
  <textstyle name="H127W0635TH00762" height="50" strokewidth="3" charwidth="25" />
  <textstyle name="H15W15TH02" height="59.0551181102362" strokewidth="7.8740157480315" charwidth="59.0551181102362" />
  <padstyle name="r400_200" surface="True" plated="False" isvia="False" nopaste="False" nomask="True" complex="False" holesize="0">
    <padshape layer="TOP" shape="rectangle" width="78.740157480314" height="157.48031496063" />
    <padshape layer="TOP_SOLDER_MASK" shape="rectangle" width="86.614173228345" height="165.35433070866" />
    <padshape layer="TOP_SOLDER_PASTE" shape="rectangle" width="78.740157480314" height="157.48031496063" />
  </padstyle>
  <footprint name="MSD1260T223MSB" originx="0" originy="0" pickpointx="0" pickpointy="0">
    <pcbpin number="1" name="1" style="r400_200" originx="68.897637795275" originy="167.32283464567" rotation="0" />
    <pcbpin number="2" name="2" style="r400_200" originx="-68.897637795275" originy="167.32283464567" rotation="0" />
    <pcbpin number="3" name="3" style="r400_200" originx="-68.897637795275" originy="-167.32283464567" rotation="0" />
    <pcbpin number="4" name="4" style="r400_200" originx="68.897637795275" originy="-167.32283464567" rotation="0" />
    <line layer="TOP_ASSEMBLY" originx="-242.12598425197" originy="242.12598425197" endx="242.12598425197" endy="242.12598425197" width="3.9370078740157" />
    <line layer="TOP_ASSEMBLY" originx="242.12598425197" originy="242.12598425197" endx="242.12598425197" endy="-242.12598425197" width="3.9370078740157" />
    <line layer="TOP_ASSEMBLY" originx="242.12598425197" originy="-242.12598425197" endx="-242.12598425197" endy="-242.12598425197" width="3.9370078740157" />
    <line layer="TOP_ASSEMBLY" originx="-242.12598425197" originy="-242.12598425197" endx="-242.12598425197" endy="242.12598425197" width="3.9370078740157" />
    <line layer="TOP_PLACE_BOUND" originx="-281.49606299212" originy="285.43307086614" endx="281.49606299212" endy="285.43307086614" width="3.9370078740157" />
    <line layer="TOP_PLACE_BOUND" originx="281.49606299212" originy="285.43307086614" endx="281.49606299212" endy="-285.43307086614" width="3.9370078740157" />
    <line layer="TOP_PLACE_BOUND" originx="281.49606299212" originy="-285.43307086614" endx="-281.49606299212" endy="-285.43307086614" width="3.9370078740157" />
    <line layer="TOP_PLACE_BOUND" originx="-281.49606299212" originy="-285.43307086614" endx="-281.49606299212" endy="285.43307086614" width="3.9370078740157" />
    <line layer="TOP_SILKSCREEN" originx="118.11023622047" originy="242.12598425197" endx="242.12598425197" endy="242.12598425197" width="7.8740157480314" />
    <line layer="TOP_SILKSCREEN" originx="242.12598425197" originy="242.12598425197" endx="242.12598425197" endy="-242.12598425197" width="7.8740157480314" />
    <line layer="TOP_SILKSCREEN" originx="242.12598425197" originy="-242.12598425197" endx="118.11023622047" endy="-242.12598425197" width="7.8740157480314" />
    <line layer="TOP_SILKSCREEN" originx="-118.11023622047" originy="-242.12598425197" endx="-242.12598425197" endy="-242.12598425197" width="7.8740157480314" />
    <line layer="TOP_SILKSCREEN" originx="-242.12598425197" originy="-242.12598425197" endx="-242.12598425197" endy="242.12598425197" width="7.8740157480314" />
    <line layer="TOP_SILKSCREEN" originx="-242.12598425197" originy="242.12598425197" endx="-118.11023622047" endy="242.12598425197" width="7.8740157480314" />
    <line layer="TOP_SILKSCREEN" originx="68.897637795275" originy="267.71653543307" endx="68.897637795275" endy="267.71653543307" width="3.9370078740157" />
    <arc layer="TOP_SILKSCREEN" originx="68.897637795275" originy="265.74803149606" startangle="90.0" sweepangle="180.0" radius="1.9685039370078" width="3.9370078740157" />
    <line layer="TOP_SILKSCREEN" originx="68.897637795275" originy="263.77952755905" endx="68.897637795275" endy="263.77952755905" width="3.9370078740157" />
    <arc layer="TOP_SILKSCREEN" originx="68.897637795275" originy="265.74803149606" startangle="-90.0" sweepangle="180.0" radius="1.9685039370078" width="3.9370078740157" />
  </footprint>
  <symbol name="MSD1260T-223MSB" originx="0" originy="0">
    <line originx="200" originy="100" endx="600" endy="100" width="0" />
    <line originx="600" originy="-200" endx="600" endy="100" width="0" />
    <line originx="600" originy="-200" endx="200" endy="-200" width="0" />
    <line originx="200" originy="100" endx="200" endy="-200" width="0" />
    <sympin number="1" originx="600" originy="0" rotation="0" length="100" width="7.8740157480315" flipped="False">
      <text name="pinname" originx="570" originy="0" style="Default" rotation="0" justify="right" flipped="False" hidden="False" data="1" />
      <text name="pindes" originx="660" originy="20" style="Default" rotation="0" justify="lowerleft" flipped="False" hidden="False" data="1" />
    </sympin>
    <sympin number="2" originx="200" originy="0" rotation="180" length="100" width="7.8740157480315" flipped="False">
      <text name="pinname" originx="230" originy="0" style="Default" rotation="0" justify="left" flipped="False" hidden="False" data="2" />
      <text name="pindes" originx="140" originy="20" style="Default" rotation="0" justify="lowerright" flipped="False" hidden="False" data="2" />
    </sympin>
    <sympin number="3" originx="200" originy="-100" rotation="180" length="100" width="7.8740157480315" flipped="False">
      <text name="pinname" originx="230" originy="-100" style="Default" rotation="0" justify="left" flipped="False" hidden="False" data="3" />
      <text name="pindes" originx="140" originy="-80" style="Default" rotation="0" justify="lowerright" flipped="False" hidden="False" data="3" />
    </sympin>
    <sympin number="4" originx="600" originy="-100" rotation="0" length="100" width="7.8740157480315" flipped="False">
      <text name="pinname" originx="570" originy="-100" style="Default" rotation="0" justify="right" flipped="False" hidden="False" data="4" />
      <text name="pindes" originx="660" originy="-80" style="Default" rotation="0" justify="lowerleft" flipped="False" hidden="False" data="4" />
    </sympin>
  </symbol>
  <component name="MSD1260T-223MSB" designatorprefix="L" height="244.09448818897" footprint="MSD1260T223MSB">
    <comppin designator="1" sympin="1" pinswap="0" gateswap="0" gate="1" group="1" side="" type="Any" name="1" />
    <comppin designator="2" sympin="2" pinswap="0" gateswap="0" gate="1" group="1" side="" type="Any" name="2" />
    <comppin designator="3" sympin="3" pinswap="0" gateswap="0" gate="1" group="1" side="" type="Any" name="3" />
    <comppin designator="4" sympin="4" pinswap="0" gateswap="0" gate="1" group="1" side="" type="Any" name="4" />
    <attached_symbol gate="1" name="MSD1260T-223MSB" />
    <pinmap designator="1" footprintpin="1" />
    <pinmap designator="2" footprintpin="2" />
    <pinmap designator="3" footprintpin="3" />
    <pinmap designator="4" footprintpin="4" />
    <text name="Datasheet" originx="0" originy="0" style="Default" rotation="0" justify="" flipped="False" hidden="True" data="https://www.coilcraft.com/getmedia/4de7e021-08b8-40f0-b82e-775185215575/msd1260t.pdf" />
    <text name="Description" originx="0" originy="0" style="Default" rotation="0" justify="" flipped="False" hidden="True" data="Shielded Coupled Inductors MSD1260T" />
    <text name="Manufacturer_Name" originx="0" originy="0" style="Default" rotation="0" justify="" flipped="False" hidden="True" data="COILCRAFT" />
    <text name="Manufacturer_Part_Number" originx="650" originy="200" style="Default" rotation="0" justify="left" flipped="False" hidden="False" data="MSD1260T-223MSB" />
    <text name="Mouser Part Number" originx="0" originy="0" style="Default" rotation="0" justify="" flipped="False" hidden="True" data="" />
    <text name="Mouser Price/Stock" originx="0" originy="0" style="Default" rotation="0" justify="" flipped="False" hidden="True" data="" />
    <text name="Arrow Part Number" originx="0" originy="0" style="Default" rotation="0" justify="" flipped="False" hidden="True" data="" />
    <text name="Arrow Price/Stock" originx="0" originy="0" style="Default" rotation="0" justify="" flipped="False" hidden="True" data="" />
  </component>
</quadcept_library>
